model,best_n,best_cfg_idx,cv_f1,cv_std,oof_thr,test_f1_oof,test_f1_sw,test_auc,y_pred_oof,y_prob,oof_probs,best_cfg,scenario,time_s
LR,10,13,0.7027,0.1084,0.55,0.6011,0.6267,0.53,"[0, 0, 0, 0, 0, 0, 0, 0, 0, 0, 0, 0, 0, 0, 1, 0, 1, 0, 1, 0]","[0.5243445619409914, 0.1684860520968766, 0.5257085637260928, 0.5474868900304796, 0.30259114968448214, 0.33022651959661264, 0.5311500363689731, 0.33437608530703594, 0.37453887479685677, 0.5022326037633265, 0.16070527663489242, 0.3443713375269741, 0.4085632124779754, 0.17379565593017005, 0.6009838983027446, 0.37191814966837644, 0.643645154476247, 0.5372591882540761, 0.6371584633228218, 0.1483152360823321]","[0.7053193081485143, 0.5008523433675509, 0.3626363996077233, 0.49312766065998653, 0.3771877875174402, 0.09487179543408579, 0.21059364881913614, 0.3927818602276308, 0.5129768809230957, 0.19522755364368952, 0.6457932306676133, 0.7508304900701201, 0.6615272472145974, 0.4324339530582264, 0.7386656435739926, 0.9279902537980609, 0.42857038096776207, 0.9409520592213899, 0.6886748152777727, 0.6982369381277406, 0.7783099128495011, 0.2823541957673674, 0.71984548849219, 0.4537724757417175, 0.5854408106303806, 0.4902006604705006, 0.5121894948801493, 0.609052921197613, 0.5885886705141153, 0.4173155379376681, 0.7342143918862971, 0.4455270595242521, 0.5451589898327599, 0.572780284571952, 0.47271308415682495, 0.7187665149067329, 0.27910923526712633, 0.4732331502690826, 0.474792078992849, 0.9387790904537959, 0.3912488488661415, 0.3496097714524112, 0.7393354504388948, 0.6065662609863919, 0.4975736773859392, 0.5965129256895658, 0.560303443973057, 0.5388562963228444, 0.45779204606347446, 0.14792885504183653, 0.6370140842300964, 0.5585806040558767, 0.5563213344097986, 0.5134070785938579, 0.7480080772082761, 0.39801924349291273, 0.6598279581373289, 0.3921336721039222, 0.6783979630492036, 0.519944469068373, 0.4017467039605374, 0.819786019848116, 0.3245359062407116, 0.6640094375874439, 0.5006760142128442, 0.4151247005356131, 0.5212851660410391, 0.5292033429259733, 0.5410238985503479, 0.46744687628196324, 0.4100687754265408, 0.1505922920234002, 0.6831744968702157, 0.550927811749249, 0.911203602574586, 0.5255857064564835, 0.25502566514161634, 0.628596264364069, 0.4904638369247452, 0.6142088958462614, 0.4392366103043283, 0.15164968394224143, 0.2532756974677984, 0.44172371670822147, 0.30385363963919354, 0.38991410483805294, 0.5013093038331108, 0.6127696351208619, 0.16461436940381857, 0.5199483646168153, 0.5540208357371578, 0.8113302634986088, 0.3081635220437891, 0.4862100244737313, 0.5213365823699525, 0.4839796305671371, 0.566187409439795, 0.5555307007064828, 0.23361031679064145, 0.5678713401276865, 0.6702570806287824, 0.3543365601852505, 0.37045179312247967, 0.22818334646647848, 0.5848682506701088, 0.446571188144932, 0.6693452548915758, 0.5211039924449943, 0.5869182544995185, 0.5242234153520507, 0.9566182589261744, 0.5539695267686218, 0.5457653366032275, 0.5201829248266343, 0.4528894622974125, 0.48347985262659854, 0.445359241914887, 0.1141049906194056, 0.20933298424729843, 0.5320485606487099, 0.5310248806249184, 0.35591319736857724, 0.4125438552334136, 0.2919371856069478, 0.5915105845067097, 0.10760497864155139, 0.43663652910203304, 0.20840992641393322, 0.4663469186189583, 0.21477626713645054, 0.4741392128360345, 0.6972119404266143, 0.3490564349269246, 0.4840058622110224, 0.42134826306750794, 0.4368463111104323, 0.3832435038803381, 0.3704133424184263, 0.5385931918411092, 0.2625471860403733, 0.5508518348651055, 0.13382194670701306, 0.3088436557733111, 0.30901213222093915, 0.5062513579233906, 0.4424094206373222, 0.2918505044794887, 0.578880532632657, 0.5846692727885144, 0.2370789093781212, 0.5537282838648678, 0.2558458668261289, 0.25940510118517573, 0.21623408028720095, 0.5940157623842407, 0.6976060313903256, 0.28507849059286827, 0.3007023323361439, 0.32137868015094595, 0.3110824620513059, 0.6120735493978208, 0.638343835061761, 0.0459079390339298, 0.338112829142134, 0.2847584689708651, 0.3207074461288602, 0.2117520543067337, 0.6109609073657469, 0.4403750709118944]","(0.5, {0: 1, 1: 2.7})",S1_Spectrogram,84.4
SVM,30,15,0.6477,0.08,0.305,0.4048,0.596,0.56,"[0, 0, 1, 0, 0, 0, 0, 0, 0, 0, 0, 0, 0, 0, 0, 1, 0, 0, 0, 0]","[0.27011521562518376, 0.2367327150472552, 0.3401562994030656, 0.230451996109075, 0.2743372504724826, 0.30391246999785004, 0.27553252443952914, 0.24742724924350545, 0.16645917618102937, 0.24780302661563247, 0.24671340828333332, 0.22824157037995368, 0.2331565502970194, 0.28769075902917, 0.27881928671474465, 0.36339683521546134, 0.28221417852086106, 0.24091435817815057, 0.25798087391948515, 0.27738087658548927]","[0.29442072816295, 0.19370886754835223, 0.2606794049743707, 0.2589862917160577, 0.3070406265646543, 0.2616681419704633, 0.2689326747566936, 0.2861252011748974, 0.2585112804516924, 0.23996546506148703, 0.27942857347815464, 0.2778842855378264, 0.3773373542327333, 0.37936961823589205, 0.3532866040465979, 0.2779163323618837, 0.2611210677732181, 0.2854890799577453, 0.289463396901761, 0.3125728251249336, 0.3449979456062965, 0.28789889856770984, 0.33768009386004355, 0.17853933850529824, 0.5682286338749504, 0.19879745279075312, 0.305055975131735, 0.25624282908451995, 0.30478486684312817, 0.33544199572584704, 0.271466961358794, 0.3789670843811291, 0.22509168784131978, 0.2749076024170803, 0.2288333836477377, 0.3553357358104658, 0.23884394715005236, 0.23048707469480717, 0.20916386618848623, 0.2700325060719112, 0.21601150669773997, 0.12789449256081878, 0.3772489698776601, 0.31436589327592923, 0.44050643090685115, 0.2696287225882795, 0.2529573451510215, 0.2679796311394478, 0.2646563369948247, 0.09001271972780239, 0.2951595408136115, 0.29402174453751323, 0.30455721143019115, 0.16912840319458744, 0.3385573557807495, 0.1990578919574613, 0.3909875096386715, 0.2709268509057552, 0.35138874417503607, 0.26881635241349977, 0.26557242259672964, 0.3038369130536478, 0.3027810367810938, 0.2955768869372635, 0.17966011906694057, 0.28852939927685123, 0.3064309401441293, 0.3226731492341361, 0.36341741064592575, 0.2723879426963118, 0.2277755455362465, 0.20106412232492776, 0.31813581498009885, 0.40904181360902403, 0.26988341601190713, 0.27074964714020605, 0.16361137481405402, 0.28773289372840094, 0.26733926096269284, 0.2790111389972963, 0.2525484169118611, 0.22733379654242022, 0.3980403519237273, 0.3293331216591107, 0.3036632138449474, 0.3162989626807648, 0.2646443291616869, 0.2771980018304512, 0.2714894590143497, 0.2509337278817882, 0.25203693532957605, 0.2939207332627898, 0.24098293177386826, 0.1593618893132009, 0.19916030226444284, 0.25084175964153244, 0.2931421829572134, 0.26608787537949086, 0.19495777747868565, 0.34524146656063504, 0.2679984055998653, 0.2193959910328931, 0.2713613573858303, 0.26513335516795555, 0.23949314832606203, 0.27607461204585937, 0.29728351918959395, 0.25016239343852514, 0.30334102756072445, 0.4189830650076669, 0.2742903713531065, 0.2875135434096682, 0.24393000386826127, 0.1813385528960195, 0.2752496776138215, 0.24121090917408625, 0.17654272775373134, 0.20053678618910645, 0.2717724040224528, 0.3340224332625552, 0.28982805853237525, 0.22798669466285004, 0.3680108305211056, 0.189158345266612, 0.3299316340224722, 0.25359664277826777, 0.19040610945871775, 0.2160490864812946, 0.2992298965410477, 0.2616465626902611, 0.20835374725460004, 0.45939195310600944, 0.25700358364505405, 0.32965418443281197, 0.262698285917997, 0.21831546596164844, 0.1899594009682072, 0.24996148165276755, 0.2942882758166548, 0.2091538387152256, 0.1756706497897264, 0.3322854723664116, 0.16278696400224793, 0.2919529843801946, 0.26500742106389535, 0.2457712142862478, 0.17509475035929645, 0.2923290461918178, 0.3828173344577438, 0.22076244609285503, 0.29377960318860186, 0.2919150848665473, 0.23026101377322503, 0.2200332713440068, 0.2724506501304284, 0.4357053688613303, 0.22606926592888593, 0.2923551083747682, 0.20953557267147085, 0.2032276013493506, 0.249969421621574, 0.2604980978874955, 0.26251968972057127, 0.19938990980204305, 0.4509168476061249, 0.2912998439301149, 0.2619579245192881, 0.30313693180701173, 0.1620771073771182]","(5.0, 'rbf', {0: 1, 1: 2.7})",S1_Spectrogram,87.5
RF,30,5,0.5949,0.0951,0.47,0.4133,0.6419,0.54,"[0, 0, 1, 0, 0, 1, 1, 0, 0, 0, 0, 0, 0, 0, 0, 1, 0, 0, 1, 0]","[0.3904258658008657, 0.23513888888888893, 0.5344737900987898, 0.2885568181818182, 0.3142168109668109, 0.5655432345432344, 0.49112824675324673, 0.2582361111111111, 0.21265705128205134, 0.4314709595959596, 0.39354102841602845, 0.2409110889110889, 0.21811130536130535, 0.3769778138528139, 0.345829365079365, 0.6699877344877345, 0.400460137085137, 0.3645657259407259, 0.5242553349428349, 0.4146809856809856]","[0.4044563492063493, 0.16678174603174598, 0.38451184926184917, 0.3353174603174604, 0.4353336385836385, 0.5533897907647907, 0.34858333333333325, 0.48827844377844387, 0.32961136086136095, 0.315948717948718, 0.5399123376623376, 0.5305581501831501, 0.579035714285714, 0.45642947330447314, 0.5572099567099567, 0.3988375166500166, 0.31341071428571426, 0.7158899295149294, 0.47097826479076477, 0.5200879120879122, 0.5127200577200576, 0.35751190476190486, 0.516986111111111, 0.34524038461538453, 0.5779108946608946, 0.4054980158730158, 0.4886845238095238, 0.36273840048840045, 0.45417238317238323, 0.41152111338953434, 0.5103789682539682, 0.477378787878788, 0.2883736263736264, 0.4477817460317459, 0.45967184204684197, 0.41081605200355203, 0.39521446608946625, 0.37083436008436005, 0.3056742424242424, 0.5371399711399708, 0.21879509379509388, 0.2752003968253968, 0.5111196581196582, 0.4172996031746032, 0.40904527417027403, 0.38521535409035407, 0.5297321428571427, 0.41809200521700524, 0.36896008158508137, 0.3205229076479077, 0.525269966144966, 0.4969639249639248, 0.2822777777777778, 0.17275793650793647, 0.5139864163614163, 0.41209072871572866, 0.5126667915417916, 0.32987301587301604, 0.4354245476745477, 0.40753132978132983, 0.3738789682539682, 0.5489916472416474, 0.4944669913419913, 0.48625073537573527, 0.391766303141303, 0.3708337634587634, 0.43255898268398263, 0.4058120585554796, 0.6129876789876788, 0.36568217893217897, 0.3046152042402042, 0.19939484126984133, 0.6750153318903317, 0.4057790404040403, 0.42678800366300357, 0.35623214285714283, 0.28829347041847037, 0.4398888888888888, 0.3432205433455435, 0.6361641414141415, 0.5434444444444442, 0.45445708458208456, 0.49683297258297254, 0.3572934704184705, 0.5762321428571426, 0.4395674603174603, 0.44230555555555556, 0.3016940836940837, 0.5280508658008657, 0.28634469696969694, 0.3748484432234433, 0.4516341436341436, 0.35604324841824836, 0.4339083694083694, 0.32805158730158723, 0.30902976190476195, 0.41653679653679637, 0.40721969696969695, 0.3285232683982684, 0.508875, 0.5322896825396826, 0.2800797952047952, 0.4077261904761904, 0.42490404040404045, 0.3758808968808968, 0.5247023809523808, 0.4706686507936506, 0.4404350094350093, 0.5406008297258295, 0.5442321428571427, 0.4117453449328449, 0.3369464285714286, 0.2828193889443889, 0.3076825396825397, 0.5232933455433455, 0.34813041125541117, 0.29932539682539683, 0.2725119047619048, 0.26992640692640696, 0.41202218614718605, 0.4063573232323233, 0.3438013514263514, 0.4774861111111111, 0.22121176046176047, 0.6383115079365078, 0.34680952380952385, 0.23388041125541126, 0.22117099567099563, 0.39897420634920633, 0.36753968253968244, 0.3700509906759906, 0.605693376068376, 0.45057167832167827, 0.5181870490620488, 0.3783373015873013, 0.34429365079365076, 0.4509246031746033, 0.4161343795093794, 0.4867869769119768, 0.22759933122433115, 0.3268744588744588, 0.4684424603174604, 0.3022638888888889, 0.5327729076479075, 0.45651148851148854, 0.2509525058275058, 0.3185928932178932, 0.6702041847041846, 0.5461365440115441, 0.26151617826617823, 0.42324664224664227, 0.419642857142857, 0.26702146464646465, 0.3292919719169719, 0.4435725108225108, 0.6257571595071595, 0.304633658008658, 0.419997655122655, 0.32257173382173376, 0.3287712842712842, 0.5258688672438673, 0.6540609668109668, 0.35570382395382394, 0.3150259185259185, 0.4182110484544694, 0.317765873015873, 0.2663412698412698, 0.6294999999999998, 0.18352976190476195]","(200, None, 3, 'balanced')",S1_Spectrogram,143.9
XGB,10,30,0.6449,0.0897,0.36,0.5489,0.6,0.59,"[0, 0, 1, 1, 0, 0, 1, 0, 0, 1, 0, 1, 0, 0, 1, 1, 0, 1, 1, 0]","[0.18083131313323975, 0.010586903430521488, 0.5171126127243042, 0.5175586938858032, 0.08400038629770279, 0.2510135769844055, 0.7216546535491943, 0.08738711476325989, 0.022382698953151703, 0.6142931580543518, 0.03481914475560188, 0.42251357436180115, 0.11870435625314713, 0.022960029542446136, 0.5748191475868225, 0.6449148654937744, 0.3217913806438446, 0.8232489824295044, 0.8123869895935059, 0.044354263693094254]","[0.46045491099357605, 0.006446556653827429, 0.5035765171051025, 0.22692133486270905, 0.311143696308136, 0.108625628054142, 0.025395115837454796, 0.45304399728775024, 0.25005725026130676, 0.2030123621225357, 0.13522405922412872, 0.43361446261405945, 0.5749807953834534, 0.31070253252983093, 0.5809783339500427, 0.49590229988098145, 0.05544104054570198, 0.9288492798805237, 0.4088253080844879, 0.3731727600097656, 0.2684771418571472, 0.07005531340837479, 0.5751793384552002, 0.368527352809906, 0.2018851786851883, 0.6603028774261475, 0.20295929908752441, 0.4067264199256897, 0.13807319104671478, 0.2769801616668701, 0.5046558976173401, 0.11501998454332352, 0.10200175642967224, 0.3134295344352722, 0.4305470287799835, 0.3321656584739685, 0.04201024770736694, 0.25401392579078674, 0.4786529242992401, 0.8014384508132935, 0.06293727457523346, 0.23684003949165344, 0.40535539388656616, 0.5308039784431458, 0.19507688283920288, 0.8177257180213928, 0.5908591151237488, 0.06718230992555618, 0.12593115866184235, 0.07933700829744339, 0.8867437243461609, 0.7313632965087891, 0.11575130373239517, 0.04225882887840271, 0.610253095626831, 0.06477232277393341, 0.5951507091522217, 0.2661316692829132, 0.09575770795345306, 0.11455920338630676, 0.37979695200920105, 0.7519737482070923, 0.1435600370168686, 0.5698192715644836, 0.3380720615386963, 0.16520926356315613, 0.6397985219955444, 0.17776282131671906, 0.5546544194221497, 0.11025819927453995, 0.061213500797748566, 0.02040112018585205, 0.7263034582138062, 0.05725609138607979, 0.6934967637062073, 0.621117889881134, 0.10143055766820908, 0.6828461289405823, 0.17881309986114502, 0.9228640198707581, 0.15808074176311493, 0.14888913929462433, 0.21111395955085754, 0.11428656429052353, 0.3591596186161041, 0.14500156044960022, 0.43020761013031006, 0.40325555205345154, 0.11917143315076828, 0.07908807694911957, 0.238352432847023, 0.5609728097915649, 0.10559658706188202, 0.35513636469841003, 0.2255672961473465, 0.7796546220779419, 0.3516172766685486, 0.12111742049455643, 0.020283907651901245, 0.41486334800720215, 0.43730098009109497, 0.06948591768741608, 0.36945560574531555, 0.09989308565855026, 0.7013343572616577, 0.29077985882759094, 0.40934664011001587, 0.2652968168258667, 0.7191969156265259, 0.2752417325973511, 0.6610504388809204, 0.2691175937652588, 0.14233531057834625, 0.2660161256790161, 0.11437000334262848, 0.01183042861521244, 0.05038527026772499, 0.0846165120601654, 0.028450872749090195, 0.2561579644680023, 0.25055840611457825, 0.15468277037143707, 0.017493363469839096, 0.11119280010461807, 0.5926300287246704, 0.045388516038656235, 0.11020876467227936, 0.011618013493716717, 0.5291780829429626, 0.024628782644867897, 0.6045103669166565, 0.26019203662872314, 0.2429376244544983, 0.4986550211906433, 0.8072158694267273, 0.027441328391432762, 0.016671353951096535, 0.3359901010990143, 0.581442654132843, 0.12979523837566376, 0.12361044436693192, 0.09292120486497879, 0.19883649051189423, 0.06669332832098007, 0.1801687330007553, 0.05098844692111015, 0.04373568296432495, 0.8142898678779602, 0.20918579399585724, 0.01646297052502632, 0.7681095600128174, 0.2985011637210846, 0.02917998842895031, 0.0630498006939888, 0.5181628465652466, 0.6974068880081177, 0.050244707614183426, 0.38149458169937134, 0.10851587355136871, 0.05562720447778702, 0.7426976561546326, 0.8179768919944763, 0.09809469431638718, 0.09960785508155823, 0.09110508114099503, 0.2536981403827667, 0.13645745813846588, 0.5083587765693665, 0.05067647248506546]","(200, 3, 0.1, 0.8, 2.0, 1.0, 5.0)",S1_Spectrogram,198.3
LR,15,4,0.6817,0.1298,0.5,0.375,0.52,0.43,"[0, 0, 1, 1, 0, 0, 1, 1, 0, 0, 0, 0, 0, 0, 0, 1, 1, 0, 0, 0]","[0.4946665559585993, 0.42104309258168376, 0.510128684360532, 0.5266781107348846, 0.37676888987053153, 0.4898936936894539, 0.5235398522156892, 0.5120371004188771, 0.4349548684778768, 0.4747234202737033, 0.3961285711900604, 0.3822985889710131, 0.46886643008181395, 0.4425151650801609, 0.4762704176616119, 0.52109152426511, 0.5387394119232105, 0.4920296475546245, 0.4858179073143737, 0.4749156587545792]","[0.46815782833096115, 0.48441042901816866, 0.46396807079119534, 0.5121494210363888, 0.5505619915724762, 0.4284167267955107, 0.4860705723138171, 0.46839339187651396, 0.4888863334611465, 0.3335265628671388, 0.5385742156562157, 0.5788100026256512, 0.5074565448010852, 0.4712752017258717, 0.5420380348665905, 0.5758222367006728, 0.4301419987486648, 0.5674035087713083, 0.467964247036944, 0.5194076671572521, 0.5483207697529954, 0.4679877388299084, 0.5681761214361895, 0.47654560037945887, 0.568730030456443, 0.5310332965640068, 0.5583915202901962, 0.44163876948428527, 0.5153049547751196, 0.43443352502737037, 0.5566283993001817, 0.4722228569785344, 0.43438310950417286, 0.5528645253215353, 0.41369079753504695, 0.5371564707059145, 0.41332761359154996, 0.5183576936843762, 0.47468733579530964, 0.6660346000466367, 0.49816674707509795, 0.48232260923715964, 0.502947241967796, 0.5273514149624716, 0.5310602077346686, 0.4960173425138571, 0.5147791059265027, 0.559591962883474, 0.521261150020282, 0.4247602363969393, 0.5136893047420165, 0.49280703508534457, 0.6318448690524248, 0.4846967049648558, 0.5110937472321414, 0.43121711416497055, 0.5376135592972879, 0.5644414580410678, 0.5193395523010689, 0.40901034565852945, 0.49331258409641904, 0.4690686131821411, 0.5581144225735374, 0.4622831269514422, 0.49922963982497043, 0.4400749770711699, 0.5315867453465014, 0.48762934488682774, 0.5394315075718337, 0.4691470130704827, 0.5026380524248535, 0.4271264453682611, 0.5287072745193379, 0.4413544069015654, 0.4196299436402894, 0.5453775923011019, 0.3978732645385177, 0.537228442527653, 0.46235571363573963, 0.4582133976665412, 0.4998501475154409, 0.4415786593008485, 0.4748039340048524, 0.49979626125693544, 0.5207522792761077, 0.4986352210929179, 0.494246931872728, 0.5729186237082445, 0.5018765827620895, 0.4890044028775552, 0.5426274760898838, 0.513244500220476, 0.4419820248789464, 0.4877716619558533, 0.5440332701752242, 0.49229272998242907, 0.5198525626045603, 0.5162198304998359, 0.48980135300390737, 0.6086890270212176, 0.5568138461672221, 0.45540159989809853, 0.5118882689343996, 0.4632216430840054, 0.5242684877577524, 0.5178185210563622, 0.4892419852500443, 0.4271623108033054, 0.5198928539111128, 0.5217030489877643, 0.5813087778490793, 0.5063922591946777, 0.4796938392933096, 0.48080804031938384, 0.5202401971719534, 0.45295004229437663, 0.46076520760415546, 0.35395763232613264, 0.4374556190647512, 0.4963103150133229, 0.5432346026752791, 0.4662968748350739, 0.528021057154029, 0.4113027008535321, 0.5641433436512546, 0.39312294897305167, 0.4547311934802136, 0.3482739391454164, 0.4632040537071795, 0.44243116926403026, 0.48984149606876115, 0.5612649273041147, 0.5158187079801759, 0.5048411241273928, 0.4830709733571151, 0.43407926534633107, 0.5258830175605945, 0.4952397092200018, 0.4216826359057602, 0.4345585560031932, 0.48977566164608966, 0.3708119849851233, 0.47878597117987587, 0.45090392917727207, 0.49321695300995283, 0.5150655605795135, 0.41135113231983106, 0.4860836806410045, 0.5432424240365721, 0.43641577977146023, 0.5045056188861602, 0.31328343853890833, 0.36931907829211486, 0.4426288680532056, 0.5420050553851721, 0.530091610408749, 0.46903265813150535, 0.4973277222761511, 0.4507169245174522, 0.42403250203804665, 0.5012037935960967, 0.4808402420103876, 0.3090299845803418, 0.43414019178974783, 0.4504912354484599, 0.48731249814021865, 0.3902047062579205, 0.5511096089776611, 0.476464980153202]","(0.01, 'balanced')",S2_MFCC,85.4
SVM,15,5,0.6718,0.1412,0.285,0.3067,0.4872,0.35,"[0, 0, 1, 1, 0, 0, 1, 1, 0, 0, 0, 0, 0, 0, 0, 0, 1, 0, 0, 0]","[0.28065973279713663, 0.18975215447781263, 0.30394601822958495, 0.3048647924256998, 0.1637055159703373, 0.2778582458328351, 0.297329820886491, 0.3069505357585745, 0.21895568387068698, 0.24872461103116936, 0.1975779515403723, 0.16741923256790572, 0.25586298968486143, 0.2009874700380605, 0.24311974112204665, 0.2783041845846516, 0.2988921740376775, 0.2708390303452235, 0.2761354693160481, 0.24510131633939639]","[0.2482154996316469, 0.2614382159617787, 0.22713749245138867, 0.28065242803967444, 0.34605864704704564, 0.2069640461215601, 0.2743498052367352, 0.25805208562057425, 0.24427713728005493, 0.14713679698717316, 0.33151296391596863, 0.30617403246137953, 0.2966419542891708, 0.24010665242206655, 0.3866941484031711, 0.31660241493510866, 0.22487119243410228, 0.2748314672925714, 0.2609105463421009, 0.2997556153110247, 0.2929120137229026, 0.27820615594716974, 0.4316529833707051, 0.2600460760974284, 0.3522162071857248, 0.2777777199808598, 0.306941822735269, 0.24510509283500784, 0.28811756445821424, 0.25824193032985693, 0.2970654351209248, 0.2453787518222155, 0.25795107829708214, 0.3386681519296105, 0.2293500349552444, 0.3160467364018343, 0.20581559346451297, 0.2766513700300075, 0.2715199122785677, 0.3989687191363877, 0.31345303887544884, 0.25725228253203025, 0.30016814802345904, 0.31541949615542625, 0.28933961396442404, 0.27825225491192646, 0.2799255853557678, 0.3288314174395584, 0.29920903895945816, 0.20079342924831806, 0.3091275621357344, 0.28850309502842586, 0.37519945169295776, 0.26354882536792884, 0.28861253894934696, 0.23882702161768868, 0.29091971848239523, 0.2997652247357182, 0.28582945991462566, 0.18253877429883456, 0.29984581265479754, 0.294167086436822, 0.4137040125006379, 0.2841395792493812, 0.27119436297762584, 0.25534140733416566, 0.37186996821335033, 0.2869453612573731, 0.32066123041576355, 0.2614991642501162, 0.3040132106763311, 0.2542288146378812, 0.3315715813540519, 0.23043659769428326, 0.222142187029396, 0.3063037182909635, 0.2001968523619776, 0.3170850515604064, 0.24580500622612564, 0.29132648206312445, 0.26765750385497283, 0.26120358454741427, 0.24923268130357187, 0.2815048024945601, 0.2873692389568217, 0.2961133736759632, 0.27142796395640956, 0.35466156362674345, 0.2864304579547668, 0.24123661028675009, 0.2891743867412947, 0.3130672477044843, 0.2345534649144497, 0.2784616437604798, 0.2746063818074871, 0.26725467775552264, 0.32983156259602636, 0.29819807371652435, 0.2663407047471815, 0.3007029190954699, 0.3359125374002992, 0.23658268989050293, 0.2907663406061072, 0.2575437903020785, 0.30034671602276747, 0.26611486654209326, 0.28871499006647783, 0.21556916052109007, 0.3103822086068453, 0.28075585565461686, 0.35996799441224736, 0.289856496983811, 0.2854541281647538, 0.2715150349586008, 0.30632265305682177, 0.25177824316796177, 0.2385518982257423, 0.14741972559310654, 0.24318890744409413, 0.2679160260331097, 0.30562452252587824, 0.25523498323068744, 0.28647203515445346, 0.22743705658197175, 0.4218996783522173, 0.17358145527652286, 0.26798950263119437, 0.11042458134464722, 0.27421562430669066, 0.253915770826734, 0.2771057328661904, 0.37631000366487893, 0.2600618938093794, 0.2745111718940403, 0.25327272919853394, 0.24371034384433868, 0.3137432625158089, 0.2616762702742652, 0.26291063279143717, 0.20353815417620952, 0.285455534877328, 0.1627017465171758, 0.26648026229131355, 0.2666327598736816, 0.272046536608538, 0.305685725963187, 0.2158403986274348, 0.3003382553444035, 0.3502261390547344, 0.25092066412339165, 0.3342438517937302, 0.11508870311117188, 0.17158139840257605, 0.2277377708374904, 0.32793007239944033, 0.2867814994850178, 0.26835942536878715, 0.27182599080181485, 0.22379395818365894, 0.2618372356453959, 0.2793317229076609, 0.2582541559662695, 0.10301811059796194, 0.25447813163893673, 0.2299001226157329, 0.27442286601721866, 0.1799097175180436, 0.3873917780270235, 0.25799313471374297]","(0.5, 'linear', {0: 1, 1: 2.7})",S2_MFCC,88.6
RF,15,7,0.6812,0.079,0.48,0.5396,0.596,0.56,"[1, 0, 0, 0, 0, 1, 1, 0, 0, 0, 0, 0, 0, 0, 0, 1, 1, 0, 1, 1]","[0.5450041973256802, 0.30138566927369076, 0.4118686272415314, 0.3920934341131874, 0.17827157204882263, 0.4805155548908105, 0.5691348595122083, 0.41764721875048205, 0.21374051119049584, 0.44430441292789635, 0.29654540791348494, 0.35071384392571586, 0.3623884827632281, 0.3805529639025789, 0.4589983534969029, 0.5684998823810624, 0.6900255087238224, 0.37948362170989003, 0.48261499076642767, 0.4961116258493705]","[0.42959955236815356, 0.3722171822416096, 0.40635395981376915, 0.4236327032102903, 0.6316956696228394, 0.3671679868791243, 0.34941147744041895, 0.4562502532225738, 0.5045286688157362, 0.3242684447950118, 0.6751784761264994, 0.5228147181911013, 0.4104309590353897, 0.3507540691690624, 0.5056094182483765, 0.5462089755168138, 0.3580662481281688, 0.4866170966492941, 0.4646439987296017, 0.4051723906428487, 0.4272337542976893, 0.33453153449686246, 0.6693104346869518, 0.3996993585962887, 0.5837045505097804, 0.4692059075379064, 0.6391392895761651, 0.3379951693000747, 0.48306204915712264, 0.40588399434359734, 0.5803312386978535, 0.3240781864717075, 0.37549723470187707, 0.5779041568506299, 0.31729166633611283, 0.4900150599249013, 0.34687158422154196, 0.4962296012460653, 0.4985755537153371, 0.6416114849073116, 0.3851657913220978, 0.3982452424413382, 0.5243318654382184, 0.507383517347618, 0.45552862761143215, 0.5085371229842814, 0.5144087344987989, 0.5905074901524363, 0.5473005764365226, 0.4328767048471992, 0.5157704100512481, 0.4793160814268987, 0.5825748239906006, 0.36765238727031846, 0.5258608139439732, 0.4690382169785157, 0.4530579352549228, 0.5706656709731999, 0.47939018984386733, 0.3047865033776712, 0.48386355938920494, 0.476861674960556, 0.6356744965428621, 0.3543718552921284, 0.40477385561214313, 0.3140506207043343, 0.5535192237518006, 0.48191795444139557, 0.5164923397563066, 0.3463078282056906, 0.528704130400815, 0.2946118714458924, 0.4633365941723829, 0.3694593923866318, 0.45424033816504694, 0.6371621768656501, 0.2851684432706534, 0.551830760074163, 0.48155059749178036, 0.366678604852257, 0.4727203877590374, 0.37349157130210947, 0.3316434880238744, 0.44287485450486214, 0.5091203269937298, 0.42375413275559387, 0.3001664111471222, 0.6295724891821958, 0.46912173271388297, 0.3419040153654762, 0.5656047852944278, 0.4391065298770272, 0.3749754780590569, 0.46347723278042147, 0.5453584594282642, 0.5350425556921065, 0.5665542663838359, 0.514518086987212, 0.46910871249602354, 0.5043080956600505, 0.5506657270132873, 0.2925949629430229, 0.4044357105277269, 0.471817641434759, 0.5527839728222594, 0.44315792015518746, 0.5828050015746011, 0.37718074914061567, 0.5770729082057046, 0.41322535025161666, 0.5784821520474491, 0.44933589022657816, 0.3775237359485172, 0.49689400230054, 0.44604242191397475, 0.4491005373416278, 0.4058450359067347, 0.23317015022023704, 0.38842321043643574, 0.39737529374512875, 0.5876055592645041, 0.4727831768394303, 0.40294988638989804, 0.25632865720838716, 0.6694393049312831, 0.21221862694014285, 0.2695559518441602, 0.25050484501769194, 0.4362104122938884, 0.45135606425584524, 0.5438060958860744, 0.6605862977929545, 0.37669916020173183, 0.44975839430471354, 0.44106539657159355, 0.4645956121314121, 0.5931309504339807, 0.34588153711980296, 0.3512607361085058, 0.31997331917037375, 0.5272074058363633, 0.39251703336768173, 0.44032975576134514, 0.3974332200775651, 0.59418019483556, 0.4382136602222789, 0.22492247664940404, 0.42396560892410806, 0.5016078051900129, 0.41557589365702857, 0.5354904577919114, 0.32200728165862863, 0.26543635532699295, 0.404671307392475, 0.544939229289226, 0.5421888752458572, 0.4863971776561716, 0.44745487107343557, 0.43078257290986616, 0.24798564386127553, 0.4847446517834333, 0.4683185074556143, 0.4081977951528151, 0.3453841087023213, 0.4078258171856673, 0.531065805629762, 0.3171496823058542, 0.5618613650306021, 0.42492889538095363]","(300, 3, 3, 'balanced')",S2_MFCC,142.1
XGB,30,7,0.7116,0.0892,0.435,0.5238,0.5604,0.56,"[0, 0, 0, 0, 0, 0, 0, 0, 0, 0, 0, 0, 0, 0, 0, 0, 1, 0, 0, 1]","[0.298415869474411, 0.12127502262592316, 0.16951443254947662, 0.38060835003852844, 0.036137185990810394, 0.42079055309295654, 0.4040219187736511, 0.2521473169326782, 0.08851005136966705, 0.2460055947303772, 0.11624757200479507, 0.2624362111091614, 0.2653302550315857, 0.17299562692642212, 0.16851958632469177, 0.40232086181640625, 0.6831699013710022, 0.15672555565834045, 0.18860717117786407, 0.6344867944717407]","[0.2647892236709595, 0.10059571266174316, 0.1276942640542984, 0.16099640727043152, 0.4343385398387909, 0.2322687953710556, 0.0990823283791542, 0.3599909245967865, 0.5248717665672302, 0.3396040201187134, 0.6262199878692627, 0.31095537543296814, 0.28669020533561707, 0.0841858983039856, 0.1991308182477951, 0.29620298743247986, 0.11766067147254944, 0.16649377346038818, 0.22771845757961273, 0.29021164774894714, 0.5266856551170349, 0.11778285354375839, 0.8880683183670044, 0.1521526724100113, 0.7050890326499939, 0.4230470359325409, 0.3995354473590851, 0.4876791536808014, 0.27287688851356506, 0.4477410614490509, 0.597408652305603, 0.12686960399150848, 0.27383339405059814, 0.2764899432659149, 0.05192633345723152, 0.3702903985977173, 0.23537112772464752, 0.635481059551239, 0.2358127385377884, 0.8423840999603271, 0.18162354826927185, 0.17061777412891388, 0.36858654022216797, 0.5878438949584961, 0.22995834052562714, 0.3534030616283417, 0.43609896302223206, 0.6598812937736511, 0.661662220954895, 0.2556348741054535, 0.38461214303970337, 0.7208699584007263, 0.32890966534614563, 0.10948991030454636, 0.5835627317428589, 0.09077617526054382, 0.3655458986759186, 0.42962029576301575, 0.32326918840408325, 0.05987920984625816, 0.3532143831253052, 0.4264214038848877, 0.46438464522361755, 0.19856584072113037, 0.1066412702202797, 0.3311779499053955, 0.2303212583065033, 0.37346139550209045, 0.30396556854248047, 0.25438129901885986, 0.5388457179069519, 0.16039583086967468, 0.5022599101066589, 0.07127281278371811, 0.7306410074234009, 0.6195720434188843, 0.0915345847606659, 0.47216668725013733, 0.4409204125404358, 0.28402113914489746, 0.5183313488960266, 0.31928083300590515, 0.14349094033241272, 0.7025077939033508, 0.4375177323818207, 0.5594276189804077, 0.08703445643186569, 0.6722568869590759, 0.26482531428337097, 0.0671113133430481, 0.7325092554092407, 0.3719274401664734, 0.26359087228775024, 0.2686213254928589, 0.46844711899757385, 0.6116595268249512, 0.7396937012672424, 0.4452192783355713, 0.246909961104393, 0.40656521916389465, 0.6070793867111206, 0.06702975928783417, 0.21470274031162262, 0.2548709213733673, 0.5642884969711304, 0.3162517547607422, 0.6511135101318359, 0.21422319114208221, 0.5257734656333923, 0.21078276634216309, 0.41561388969421387, 0.35008376836776733, 0.4149257242679596, 0.6362020373344421, 0.18866722285747528, 0.19860313832759857, 0.21567696332931519, 0.04972067102789879, 0.2623711824417114, 0.15931637585163116, 0.601966142654419, 0.1492806375026703, 0.13030487298965454, 0.1254478394985199, 0.5310865044593811, 0.06620171666145325, 0.07538443058729172, 0.062303077429533005, 0.4631232023239136, 0.44214972853660583, 0.40696752071380615, 0.8715502023696899, 0.44126763939857483, 0.2942357063293457, 0.41880881786346436, 0.26824721693992615, 0.782654345035553, 0.10888338088989258, 0.12627562880516052, 0.15957990288734436, 0.5537112951278687, 0.10772135108709335, 0.43081924319267273, 0.18954545259475708, 0.44643598794937134, 0.1435345560312271, 0.11359713971614838, 0.28544071316719055, 0.6224439144134521, 0.1999926120042801, 0.6372286677360535, 0.37355029582977295, 0.12480040639638901, 0.21685563027858734, 0.21816162765026093, 0.3414086401462555, 0.27871260046958923, 0.21554066240787506, 0.3566974997520447, 0.027694130316376686, 0.3850921094417572, 0.2655375599861145, 0.3405165672302246, 0.1984732449054718, 0.20657376945018768, 0.4723431169986725, 0.24918125569820404, 0.3810603618621826, 0.13621068000793457]","(100, 2, 0.1, 0.8, 2.0, 2.0, 5.0)",S2_MFCC,200.7
LR,15,11,0.6016,0.0933,0.59,0.4048,0.5833,0.5,"[0, 0, 1, 0, 0, 0, 0, 0, 0, 0, 0, 0, 0, 0, 0, 0, 0, 1, 0, 0]","[0.43880409326070813, 0.2962345287271014, 0.597986782223397, 0.25362758505163413, 0.4554099180246648, 0.5064671252288823, 0.558874189499657, 0.2047334053729193, 0.4480494620597332, 0.4216040249575089, 0.4218855594537026, 0.5380231331338741, 0.4271094782717152, 0.11198929933634616, 0.4073002935876167, 0.5634807515230393, 0.31445964726124903, 0.672263085388231, 0.515751093836987, 0.2432094656675026]","[0.08076336845953996, 0.30128348814050765, 0.009329441266422711, 0.32733988416899296, 0.2390356751881841, 0.009220579908234718, 0.019619927350325413, 0.06920861187558686, 0.0009865872273997268, 0.29173770256891496, 0.5394004162163791, 0.6620587785081182, 0.7296167452997312, 0.5062501555240432, 0.6810779837066071, 0.7197972539473407, 0.3461829249933937, 0.8928569189931146, 0.31775298316306244, 0.7600239767335777, 0.6215894956731473, 0.6546281926406318, 0.5441832369539322, 0.4890581086535696, 0.3192249799479211, 0.536468869394443, 0.46706759658083236, 0.6685276673006856, 0.5600438326455894, 0.3091967214444959, 0.5206039121690573, 0.45652299981977135, 0.6180426317132335, 0.5074638445032996, 0.589177379098566, 0.6588303846114069, 0.27855051925458424, 0.3125580105925745, 0.27629411617921856, 0.8604639494261739, 0.6259800140810343, 0.5722966511154494, 0.6253103986262049, 0.5346083342679926, 0.5606541814672268, 0.48216886025355454, 0.38596713888051637, 0.46732988637483847, 0.5133687670675988, 0.14577044219676122, 0.5085815841793274, 0.3435340165177408, 0.833924498596471, 0.5840691623783655, 0.4635737137748958, 0.5413548125520138, 0.5127530081674232, 0.4887533570877493, 0.5789333750639462, 0.4046711851578195, 0.4379984802901377, 0.7239889069795306, 0.3705365689284915, 0.6241102186448687, 0.4180362121248229, 0.5536693788639045, 0.6063852412852474, 0.6931551963651155, 0.6074792089437475, 0.47611799019659823, 0.4002471914230248, 0.23672196324300543, 0.5682997206909268, 0.27697019184841953, 0.7390413690338314, 0.3391504445752774, 0.42037011121716583, 0.4157028436894888, 0.6706479877589256, 0.5384518388309393, 0.38977492650091466, 0.11433904027071379, 0.6065978532177557, 0.4838449155220495, 0.50884561942232, 0.304800797360708, 0.4061596616466526, 0.5947383682946745, 0.4622289418366559, 0.639725194385937, 0.4776365996154641, 0.6046459673649547, 0.24314680939131106, 0.5493933499722516, 0.5090349533770503, 0.6121288047875548, 0.3523682782382244, 0.5499107039117428, 0.40578876327173174, 0.6043111121656052, 0.7212410807375542, 0.4580092089778504, 0.42076969375648116, 0.6097109702406479, 0.5722642404366527, 0.3325312081388752, 0.6611931741624173, 0.5384313645677674, 0.44120227905291975, 0.5153206032998008, 0.4269943607259904, 0.6214572341345616, 0.31932629700616333, 0.6759881257802893, 0.46240290205686024, 0.5505787896570391, 0.5603441646012463, 0.2528665384575565, 0.7053178207188623, 0.5549296926574953, 0.43138140549150306, 0.6900395845113135, 0.2979267185934212, 0.1794633510224513, 0.44976935111809974, 0.30969845587556005, 0.6756270454526758, 0.25384525251649187, 0.3129536520222643, 0.27868842465968907, 0.46646540044443147, 0.4474159972263783, 0.5077712427197806, 0.28637263754339154, 0.5521158888197888, 0.5541742846664839, 0.4874085323027997, 0.26722082821654575, 0.49212832816198615, 0.268029248352193, 0.5050602874590194, 0.38615259066012103, 0.36555364966380904, 0.3785968158221481, 0.42946644304066456, 0.19130846432387855, 0.20662406127061642, 0.5483187740271795, 0.7643280784180851, 0.43350629202501445, 0.5185763126994396, 0.5248114506233302, 0.2792855639321019, 0.3130042935959213, 0.4308447342872459, 0.666754872085344, 0.23373611424182583, 0.4912628311105512, 0.468965823008331, 0.564366221831732, 0.4667461793569898, 0.6833132969690351, 0.5468718479187756, 0.47651341231146443, 0.5208384562868426, 0.33393700302571216, 0.39000191510807264, 0.5034348193882345, 0.5677358167106327]","(0.3, {0: 1, 1: 2.7})",S3_Wav2Vec,111.6
SVM,20,15,0.654,0.0606,0.35,0.4048,0.6,0.47,"[0, 0, 0, 0, 0, 0, 1, 0, 0, 0, 0, 0, 0, 0, 0, 1, 0, 0, 0, 0]","[0.30830986764512064, 0.19857361011024932, 0.19934571782905802, 0.25619048454376514, 0.2657639456664071, 0.22623391301051152, 0.35150291165780995, 0.12735506579795616, 0.18176958364632137, 0.22597293066957805, 0.14907249163526093, 0.2529939304215347, 0.1646062491513486, 0.187570188327526, 0.25426748843844876, 0.39462511410766377, 0.23283417462500022, 0.14743679289523565, 0.24824776927243172, 0.3040369326231556]","[0.2822529675623315, 0.2638558786357811, 0.24304539823310123, 0.2606182745357608, 0.25936481230913255, 0.2367197950778735, 0.20938505876042174, 0.24147086090263564, 0.24031938698215255, 0.13243235371522422, 0.2176746336919103, 0.41566197795142446, 0.23327706577339544, 0.12696895236124486, 0.600161284060368, 0.3805595676964379, 0.25340520694693935, 0.3081038291940443, 0.28512563209719666, 0.29022868354007736, 0.2539544894707216, 0.22584053243125507, 0.3352639553944173, 0.21325664548399773, 0.39634599942083953, 0.19627012610972294, 0.1717778619122785, 0.21999096028192355, 0.24716084837541336, 0.1836698061767334, 0.31949724062307333, 0.11569063419145365, 0.276922279403599, 0.2987761534638186, 0.26388965872524345, 0.5765188843947435, 0.2792976307533738, 0.1620269041727001, 0.3611795794654498, 0.37310354877773094, 0.17647327329588958, 0.18421170238194354, 0.43106571583914305, 0.23461068013287315, 0.48059185446513364, 0.25189452059019585, 0.16887801405933267, 0.3227791391344905, 0.24208937314460627, 0.14323846750299593, 0.25457580547978803, 0.14344772312938386, 0.28165316976790994, 0.2514968986898905, 0.2516605038347697, 0.27757315106001373, 0.32962015741626594, 0.24501564026991984, 0.2986695377057004, 0.2236725284978986, 0.13568885024255078, 0.51802454099222, 0.22821350257905082, 0.34435693439082266, 0.3291287539161199, 0.16942726438208097, 0.42820766839649765, 0.24155180454745492, 0.5548024698144118, 0.2902954792707832, 0.26772787247081886, 0.2130020568376164, 0.14850464404365255, 0.3501459167603464, 0.28138533252835124, 0.1967451212783872, 0.2521799538968171, 0.26108396339705764, 0.2882441382036791, 0.23866939651856986, 0.24915587148084606, 0.15353437027124894, 0.41435042914481535, 0.29411045958077786, 0.3497940454470797, 0.2979376664742087, 0.2043179134795696, 0.3648534868359606, 0.1601378277310456, 0.3733847323423619, 0.16642814142647241, 0.25064236688016656, 0.1882671637282123, 0.23655298408115397, 0.1794421779639428, 0.2533142366129989, 0.4902247328628649, 0.2029129030087886, 0.37616374665805247, 0.6309328357660793, 0.38829134527324854, 0.284443031682422, 0.26125474106833085, 0.2729450376015216, 0.44779576531967485, 0.3594034939052581, 0.4768158226092073, 0.19368224865478378, 0.27340983826825527, 0.261354505211374, 0.3433693240942333, 0.27673135555765194, 0.3026560255700902, 0.3402568521198247, 0.3197930572997525, 0.2763445139817805, 0.24141578354097948, 0.2609656282189902, 0.24714361798385548, 0.2697487101474672, 0.1920791704025781, 0.28985252084951096, 0.2806543701828188, 0.22120841013989337, 0.35300242372602675, 0.21408391699129667, 0.31434069661970976, 0.19739364522897823, 0.22994596058625155, 0.39366807112753904, 0.35879872449991856, 0.19320741944107622, 0.1470228967279535, 0.2607234566198526, 0.2857858070151222, 0.25547114854047764, 0.2573020413326943, 0.14497030142569406, 0.19883439315135326, 0.35852752726341114, 0.22854392348994235, 0.14232409635424392, 0.12472934070721393, 0.2123702918825019, 0.24001586222594906, 0.19594477527132748, 0.09502420098704562, 0.2975425069801387, 0.29027943511562954, 0.2793900850943688, 0.33637381459484605, 0.2574228559877751, 0.1698029141004168, 0.1980144590131277, 0.2890934088090375, 0.31388924690700915, 0.3218291456244488, 0.27643852073455394, 0.24789212214481265, 0.28325984381674757, 0.3526040026505783, 0.27921949688188025, 0.29299163677917345, 0.1817460670115579, 0.42021442257642516, 0.2903180369654358, 0.2068512987892778, 0.2846923800847614, 0.2912323890093781]","(5.0, 'rbf', {0: 1, 1: 2.7})",S3_Wav2Vec,118.9
RF,20,4,0.6126,0.0927,0.475,0.4048,0.52,0.41,"[0, 0, 0, 0, 0, 0, 0, 0, 0, 1, 0, 0, 0, 0, 0, 1, 0, 0, 0, 0]","[0.36391666666666667, 0.31833333333333336, 0.40525, 0.3361011904761905, 0.34424999999999994, 0.3689940476190475, 0.4348809523809524, 0.21075, 0.4085714285714285, 0.5167083333333334, 0.27854166666666663, 0.2168928571428572, 0.41391666666666665, 0.20029166666666665, 0.46578571428571436, 0.5570952380952381, 0.36737500000000006, 0.2601666666666667, 0.36716666666666664, 0.26182738095238095]","[0.42512878787878783, 0.42378571428571443, 0.32227777777777783, 0.48537896825396826, 0.32685714285714285, 0.37330952380952376, 0.24546428571428563, 0.34495238095238095, 0.3044761904761905, 0.21958333333333335, 0.3493571428571428, 0.5374880952380953, 0.5167777777777779, 0.2380833333333333, 0.7141190476190477, 0.5489166666666666, 0.41957142857142854, 0.4973690476190476, 0.42773809523809514, 0.4949305555555556, 0.28728571428571426, 0.482, 0.4395000000000001, 0.2762916666666666, 0.35291666666666677, 0.22691666666666663, 0.3375, 0.4589285714285715, 0.4626428571428572, 0.2932916666666666, 0.5322777777777777, 0.29591666666666666, 0.40475, 0.4480833333333334, 0.5662678571428571, 0.49445833333333333, 0.39089285714285715, 0.2650833333333333, 0.3227499999999999, 0.6844563492063493, 0.45398015873015873, 0.3728611111111111, 0.33991666666666664, 0.43233333333333335, 0.6645833333333333, 0.3821666666666666, 0.3149404761904762, 0.5434107142857144, 0.3940595238095238, 0.21666666666666667, 0.42670238095238083, 0.3335833333333333, 0.4504047619047619, 0.4051666666666667, 0.27675, 0.27841666666666665, 0.5509166666666667, 0.43615476190476193, 0.5450714285714287, 0.4385, 0.37933333333333336, 0.5781309523809525, 0.3291666666666667, 0.4886190476190477, 0.38785714285714284, 0.3236666666666666, 0.4255833333333333, 0.41507142857142865, 0.47485714285714287, 0.43803571428571436, 0.3819464285714286, 0.29074999999999995, 0.4220833333333332, 0.251, 0.4938214285714286, 0.3417499999999999, 0.387, 0.4799880952380952, 0.45899999999999996, 0.40758333333333335, 0.36916666666666664, 0.23223809523809524, 0.48375, 0.5671626984126984, 0.5698690476190476, 0.1586547619047619, 0.3785, 0.4382380952380954, 0.3324642857142857, 0.44199999999999995, 0.3797361111111111, 0.4927916666666667, 0.25389285714285714, 0.41478571428571437, 0.3174166666666666, 0.39986111111111117, 0.41825, 0.3926190476190476, 0.47825, 0.5270634920634921, 0.4755119047619047, 0.42044047619047625, 0.30608333333333326, 0.3310218253968253, 0.5915, 0.34874404761904754, 0.5499761904761905, 0.46583333333333343, 0.46516666666666673, 0.39916666666666667, 0.4375595238095237, 0.3682857142857144, 0.4000277777777778, 0.46191666666666664, 0.5138333333333334, 0.41730952380952374, 0.33466666666666667, 0.3794880952380953, 0.3404404761904761, 0.3125833333333333, 0.3635039682539683, 0.31277380952380957, 0.3985833333333334, 0.42522619047619054, 0.5803095238095238, 0.20769642857142856, 0.6155357142857142, 0.2198333333333333, 0.3230833333333334, 0.6055198412698414, 0.36682738095238093, 0.3676944444444444, 0.3897202380952382, 0.4515000000000001, 0.4540595238095238, 0.44277976190476187, 0.48336904761904764, 0.31748809523809524, 0.37070238095238106, 0.3932261904761905, 0.3756964285714286, 0.38836309523809526, 0.26726587301587296, 0.40728571428571414, 0.40995238095238096, 0.24958333333333332, 0.1426527777777778, 0.43125, 0.4910833333333333, 0.3767857142857142, 0.4250833333333333, 0.49610714285714297, 0.24533333333333332, 0.23810714285714288, 0.43366666666666676, 0.4536666666666667, 0.3331666666666666, 0.25066666666666665, 0.3212499999999999, 0.2805833333333333, 0.6260833333333333, 0.3817738095238095, 0.4010119047619047, 0.41475, 0.4971666666666666, 0.27274999999999994, 0.43874999999999986, 0.46891666666666665, 0.45566666666666655]","(200, None, 2, 'balanced')",S3_Wav2Vec,192.2
XGB,25,7,0.5907,0.0816,0.43,0.4048,0.5833,0.53,"[0, 0, 0, 0, 0, 0, 1, 0, 0, 0, 0, 0, 0, 0, 0, 0, 1, 0, 0, 0]","[0.116374172270298, 0.09246709942817688, 0.4170067608356476, 0.2560942769050598, 0.1508275866508484, 0.18046635389328003, 0.5180015563964844, 0.20984816551208496, 0.3404393494129181, 0.3381700813770294, 0.14875614643096924, 0.1757785975933075, 0.4088578224182129, 0.06637564301490784, 0.19792117178440094, 0.41947248578071594, 0.4373283386230469, 0.38551604747772217, 0.3297964036464691, 0.20102238655090332]","[0.26537376642227173, 0.35414767265319824, 0.3474506437778473, 0.37226149439811707, 0.2568747103214264, 0.31983527541160583, 0.07460593432188034, 0.1514107882976532, 0.137839674949646, 0.22623120248317719, 0.2826404571533203, 0.6286504864692688, 0.6260536313056946, 0.17337322235107422, 0.8076769709587097, 0.6444154381752014, 0.4465871751308441, 0.6644856333732605, 0.17918109893798828, 0.5318058729171753, 0.38101914525032043, 0.2991517186164856, 0.5250359773635864, 0.2730807363986969, 0.20462456345558167, 0.13177546858787537, 0.12497330456972122, 0.42200708389282227, 0.43849438428878784, 0.15302535891532898, 0.6661123037338257, 0.18236103653907776, 0.2060341089963913, 0.44903817772865295, 0.6124199628829956, 0.42264246940612793, 0.27286916971206665, 0.14921514689922333, 0.23732365667819977, 0.6579206585884094, 0.24231192469596863, 0.23603512346744537, 0.2044297158718109, 0.4795581102371216, 0.48202085494995117, 0.08225041627883911, 0.2822142541408539, 0.4998242259025574, 0.3667600750923157, 0.07826323062181473, 0.4852560758590698, 0.20554792881011963, 0.49590206146240234, 0.6355785131454468, 0.28221407532691956, 0.13108575344085693, 0.5710707306861877, 0.5911814570426941, 0.5972635746002197, 0.43008488416671753, 0.17964564263820648, 0.8015747666358948, 0.35866519808769226, 0.29543232917785645, 0.49690675735473633, 0.17783109843730927, 0.49307477474212646, 0.6159114241600037, 0.5830115675926208, 0.3306925296783447, 0.2891427278518677, 0.4106476306915283, 0.376987487077713, 0.17558597028255463, 0.7573167085647583, 0.3019024729728699, 0.2412940263748169, 0.31657639145851135, 0.47302156686782837, 0.3888472616672516, 0.4175473153591156, 0.05215954780578613, 0.5416601896286011, 0.6220220327377319, 0.5168967247009277, 0.1113576591014862, 0.2913738489151001, 0.5137351751327515, 0.1393454670906067, 0.24348165094852448, 0.23719526827335358, 0.5662195086479187, 0.17464382946491241, 0.1991254687309265, 0.1385849565267563, 0.3792935907840729, 0.1946152299642563, 0.6842710375785828, 0.7139610052108765, 0.4995919167995453, 0.7404387593269348, 0.2290453016757965, 0.0749620571732521, 0.39856788516044617, 0.6297326683998108, 0.13826093077659607, 0.6056914925575256, 0.2662007212638855, 0.5292704701423645, 0.4536176025867462, 0.20550458133220673, 0.23891741037368774, 0.41963332891464233, 0.47496965527534485, 0.40047892928123474, 0.30089524388313293, 0.14952407777309418, 0.22370857000350952, 0.12872745096683502, 0.35064953565597534, 0.08519705384969711, 0.16334941983222961, 0.371987521648407, 0.42813757061958313, 0.47869691252708435, 0.1144082173705101, 0.6146503686904907, 0.17902648448944092, 0.20878295600414276, 0.6533615589141846, 0.2048429697751999, 0.42418619990348816, 0.29094383120536804, 0.2197675257921219, 0.39605656266212463, 0.6292943358421326, 0.49805670976638794, 0.32204312086105347, 0.22779707610607147, 0.373733788728714, 0.389448344707489, 0.20550739765167236, 0.13053636252880096, 0.3587203025817871, 0.1468476802110672, 0.2004217952489853, 0.04024619236588478, 0.3127010464668274, 0.6541474461555481, 0.20713786780834198, 0.36625564098358154, 0.7186670303344727, 0.10006732493638992, 0.3406541347503662, 0.5556913614273071, 0.3992827534675598, 0.2317955642938614, 0.1802840530872345, 0.2686534821987152, 0.1346660703420639, 0.3862841725349426, 0.43078064918518066, 0.20687027275562286, 0.29156458377838135, 0.6549033522605896, 0.1708291918039322, 0.5388911962509155, 0.36249837279319763, 0.6623116135597229]","(100, 2, 0.1, 0.8, 2.0, 2.0, 5.0)",S3_Wav2Vec,283.2
LR,10,9,0.6558,0.0951,0.5,0.4373,0.5489,0.45,"[1, 0, 0, 1, 0, 0, 1, 0, 0, 1, 0, 0, 0, 0, 1, 0, 1, 1, 0, 0]","[0.512108992007944, 0.25477170838274626, 0.43851445795155264, 0.5257502776394326, 0.3922587450688055, 0.43931427830244996, 0.5606523256922704, 0.4456132863260718, 0.37620455125841606, 0.5185046473010617, 0.31162534220688537, 0.33472722122765536, 0.4800571125036508, 0.30284063810037415, 0.523445983800492, 0.4848246649547314, 0.5971782402703126, 0.5182113656504215, 0.4394868210813785, 0.24227040079700032]","[0.4770768871632232, 0.34837123835687406, 0.014520941162943576, 0.4737746178512727, 0.4264043814857922, 0.09872749151463592, 0.6215886109469233, 0.4839058094878997, 0.4791052851155502, 0.19189826172440375, 0.5795125644409294, 0.6780688758395342, 0.6287554016962952, 0.4396458666738969, 0.4906628416261999, 0.8776230927464036, 0.45471268276538734, 0.8519970561268796, 0.6643821818958865, 0.615696019451942, 0.5945122249382047, 0.3823682925380024, 0.6387707567172308, 0.5343284358056049, 0.6365732153150104, 0.48113140443647795, 0.6307896003184318, 0.4856586208845847, 0.48172948992500925, 0.3359315765987682, 0.46250585848101083, 0.3421884996921721, 0.3694778320798598, 0.6066791332235822, 0.44117432513847443, 0.4891901282093284, 0.2962632422601865, 0.46755338143178726, 0.4897268903604378, 0.883758320109207, 0.5919262513460847, 0.25873419661560876, 0.6113653690544133, 0.6220390705825185, 0.5823142617530074, 0.583231968758088, 0.5061322977840207, 0.5090686418539374, 0.516640008354596, 0.27506054736295554, 0.5634292082335587, 0.45026045625476957, 0.6733225676931097, 0.4342166369373933, 0.5151492010533479, 0.3699287162417904, 0.44344771128534316, 0.5987172503295263, 0.46586573764332107, 0.37568808874661475, 0.39130825807847996, 0.8020229966985346, 0.47925299179290326, 0.5526800621188508, 0.4241952420948726, 0.42639881851917766, 0.6333690626444991, 0.6011106418306584, 0.6048779334615514, 0.41890275820102474, 0.5110886497756753, 0.20497511741066599, 0.6825078399866837, 0.4186091303095915, 0.10613595872699567, 0.5333286637007798, 0.4448701080176157, 0.6635524569779466, 0.6019253510271103, 0.6257686084705969, 0.4929173046349141, 0.484455093605246, 0.3180647391150232, 0.4747840586401119, 0.4536643836004408, 0.45160504535076124, 0.5435852222383534, 0.5176678093988452, 0.2770656358996841, 0.5313319879473998, 0.5578642865343018, 0.6886230090468642, 0.33188548311775645, 0.5995739660661956, 0.3584573026528025, 0.517580143903802, 0.6358853010516758, 0.5036260983615447, 0.3569670642031073, 0.6897830477399979, 0.643027753504776, 0.4202127329338382, 0.5029546862925176, 0.30175693349858973, 0.621044805051594, 0.6300940683053887, 0.6846993144867064, 0.4986726173057085, 0.5146488789399191, 0.5544621544456108, 0.8594461859914972, 0.5699556085036358, 0.5463076075748787, 0.5447173441546522, 0.4738817812427543, 0.3480939342961844, 0.5976922725222741, 0.08246996682876694, 0.37068458433542933, 0.5483610198927032, 0.5427173870880875, 0.387045946628785, 0.5036369469416646, 0.4719249063939035, 0.539648025270934, 0.15535648937835536, 0.5040179810121019, 0.3551050381398617, 0.49971861563707454, 0.3025544164831539, 0.4280155107716581, 0.6189951615429351, 0.48860494572633384, 0.5289114001813582, 0.4264867837171708, 0.36947428330034543, 0.4724362830226052, 0.5136985077192728, 0.5966550641397544, 0.3913576518801874, 0.49758031003993614, 0.18435458025195006, 0.29212852059867517, 0.4073792159516552, 0.4758013878762015, 0.5427557885675546, 0.3083840430707435, 0.6428686256686138, 0.629680371363678, 0.2746696700797172, 0.6616032485416199, 0.21314972481255068, 0.31261568531908723, 0.27629556002599687, 0.5230754717177732, 0.6226985841624948, 0.37425783608389085, 0.3246631790525583, 0.36176252957661287, 0.3798651992388882, 0.40515807642915824, 0.5394938176521515, 0.08403527739513535, 0.4000366406631934, 0.4025959478915878, 0.3410153138347221, 0.19036524360492368, 0.5789008925818904, 0.4384314057959907]","(0.1, {0: 1, 1: 2.7})",S4_Fusion,88.6
SVM,10,0,0.6535,0.0927,0.295,0.4048,0.596,0.49,"[0, 0, 0, 0, 0, 0, 1, 0, 0, 0, 0, 0, 0, 0, 0, 0, 1, 0, 0, 0]","[0.26698956111276806, 0.1794196722258796, 0.25456748195332674, 0.27420069496016375, 0.24459796015350488, 0.2656371397189854, 0.3411700008567858, 0.23956504511426144, 0.22405588114619135, 0.2864831256873439, 0.21772245501804025, 0.20550078981584655, 0.27094930880037355, 0.18540794892794732, 0.2706750933831776, 0.2943627040241526, 0.34929121461726753, 0.28158238833546034, 0.25982078947841036, 0.16087338960108036]","[0.28152338266893684, 0.23855686565860268, 0.12468506964936667, 0.26379939349090104, 0.23958412070192353, 0.13018136317191967, 0.30103438945109867, 0.22530530449779976, 0.30902909033489573, 0.15762500586547468, 0.31646660703052776, 0.32885112337052613, 0.35531876386658934, 0.25200664534770656, 0.2961179293895116, 0.36322354822336467, 0.25141421312423673, 0.3461641589904937, 0.31150932946965937, 0.29314606140390587, 0.3228127824746727, 0.2360308430141818, 0.4016952444480683, 0.28897013053183074, 0.3680328491021741, 0.2861952774316961, 0.3562029042285457, 0.2641079198853379, 0.2655738825077083, 0.2509378694907232, 0.27432023945558853, 0.20450415711717967, 0.26761741460483635, 0.3204817818977627, 0.25140480883299193, 0.284432945426365, 0.23107770821472695, 0.26229544622631223, 0.27941457954017, 0.4254902217549587, 0.33763289305542354, 0.16081569913805024, 0.3833982792769604, 0.35288030049719543, 0.34402264749132283, 0.29427441431638346, 0.28383552970198195, 0.2588620195766243, 0.29146696965266566, 0.1675053956452867, 0.30071565654977, 0.25233672875104185, 0.3008315815202366, 0.26603226854359013, 0.2953218437865778, 0.2665070150486262, 0.2505410760733718, 0.3104721624781025, 0.2641350535430279, 0.21996336783113682, 0.23120458934077734, 0.45885265436668243, 0.24690443128501646, 0.3132948464807875, 0.2667711872069014, 0.2613021549712537, 0.4048745226097061, 0.35023762160022226, 0.35829414491876277, 0.26832461146411807, 0.27592465358908014, 0.23737506091106123, 0.372091120639144, 0.25390569472966457, 0.1998599733522259, 0.28888399017039773, 0.24751015456336237, 0.29183004742954155, 0.3148600297694318, 0.3760311444345996, 0.2813899634580914, 0.27501510547291774, 0.23665322652091939, 0.2846516767764185, 0.29093860321536813, 0.2696854340254838, 0.2855927019220359, 0.3019605939038344, 0.19546323056045845, 0.26698181637804336, 0.28820969218346704, 0.3292772228740194, 0.2344975919084234, 0.33813570936724674, 0.25186688770672755, 0.29789808047640276, 0.3965639384566155, 0.2783298615761642, 0.2614418144941998, 0.29971459884158475, 0.38246544733843557, 0.2744587575641665, 0.2859738946619902, 0.22682653759693364, 0.3088388858102075, 0.34010432227481585, 0.3743137538493624, 0.2941987527153741, 0.2847439721883602, 0.30631767224249046, 0.3647775095006089, 0.2855395611876121, 0.311886986155485, 0.2903291866765722, 0.27012370431189414, 0.20703306990051304, 0.36101974035237316, 0.102238310085843, 0.24813477049075214, 0.3071004242403475, 0.2906153852986713, 0.26909330028075984, 0.2787811299015504, 0.27824585717562433, 0.33445164299222585, 0.11569704197602786, 0.2892554988608788, 0.21448919919140935, 0.27934091379521364, 0.229624558022945, 0.2571724168174027, 0.35579447672679015, 0.29034942791893575, 0.27904038023206545, 0.27780214737188386, 0.2465899290368782, 0.2712054058929026, 0.2681736215148429, 0.3526206689223398, 0.2087661969209384, 0.2830450206204855, 0.12623849857111968, 0.24431829943083078, 0.24332178539021085, 0.27731692452035955, 0.2862481847662133, 0.19814839701451786, 0.37981828115604216, 0.370026751258386, 0.2548459662931423, 0.3976557997770518, 0.25493206484640973, 0.1987588319790803, 0.18803044843032685, 0.2919461967460234, 0.32159325370929814, 0.25757319214391095, 0.16972997916704372, 0.20501224770948337, 0.2431053214331306, 0.24132032596926345, 0.2869951208706328, 0.07426787639175245, 0.2647410455077819, 0.26952512270641443, 0.2582202479968087, 0.18485665107274835, 0.35069213959927914, 0.2640197710495074]","(0.1, 'linear', 'balanced')",S4_Fusion,92.5
RF,20,4,0.6156,0.0802,0.425,0.4949,0.6491,0.53,"[0, 0, 0, 1, 0, 1, 1, 0, 0, 1, 0, 0, 0, 0, 0, 1, 1, 1, 1, 0]","[0.324, 0.21533333333333335, 0.2612738095238095, 0.4634246031746032, 0.1956329365079365, 0.49253571428571435, 0.6184404761904763, 0.3176190476190476, 0.17678571428571427, 0.5755, 0.18191666666666667, 0.3422440476190476, 0.3642857142857142, 0.272875, 0.3383749999999999, 0.45698809523809514, 0.43991666666666673, 0.5615714285714285, 0.46185714285714274, 0.28524404761904765]","[0.47345833333333337, 0.4046190476190477, 0.413614898989899, 0.27524999999999994, 0.39861904761904754, 0.503279761904762, 0.32153571428571426, 0.3974999999999999, 0.3724940476190477, 0.13739285714285715, 0.5808511904761905, 0.5664861111111111, 0.5456190476190476, 0.3821249999999998, 0.5480773809523809, 0.5734583333333333, 0.2569047619047619, 0.5906904761904762, 0.46869047619047616, 0.4372500000000001, 0.4493492063492064, 0.3075, 0.5728273809523808, 0.49961904761904763, 0.5833333333333334, 0.4193392857142857, 0.411625, 0.46610714285714294, 0.5493611111111111, 0.34416666666666657, 0.3970297619047619, 0.31427182539682536, 0.44826785714285705, 0.29875, 0.4044067460317459, 0.5134166666666666, 0.2884444444444444, 0.3406071428571428, 0.4926785714285714, 0.61125, 0.36466666666666664, 0.3241547619047619, 0.48508333333333353, 0.33859523809523806, 0.48841666666666667, 0.5561607142857142, 0.35108333333333336, 0.4370952380952381, 0.29753571428571424, 0.18899999999999995, 0.44970238095238085, 0.5742579365079367, 0.6275, 0.35875, 0.3728214285714284, 0.2745, 0.6588472222222221, 0.49776587301587305, 0.49920833333333337, 0.37102380952380953, 0.33099603174603176, 0.5404444444444444, 0.38666666666666666, 0.43112500000000004, 0.24083333333333334, 0.2365357142857143, 0.6127023809523809, 0.4649761904761904, 0.6820357142857144, 0.33635714285714285, 0.5080416666666666, 0.31407142857142856, 0.5643452380952382, 0.32048809523809524, 0.4705357142857143, 0.5105, 0.3234880952380952, 0.475, 0.558202380952381, 0.42245238095238086, 0.46091666666666653, 0.20475, 0.3980357142857143, 0.40549999999999997, 0.5986666666666667, 0.3450357142857143, 0.36633333333333334, 0.3583630952380951, 0.27425, 0.4291607142857143, 0.5101051587301588, 0.47620238095238077, 0.21316666666666667, 0.45358333333333334, 0.521345238095238, 0.4655, 0.6764047619047617, 0.5255000000000001, 0.20495238095238094, 0.6285, 0.7428095238095237, 0.199875, 0.35474999999999995, 0.23279545454545453, 0.6164166666666667, 0.4645059523809523, 0.580111111111111, 0.29598214285714286, 0.45616666666666666, 0.3426190476190476, 0.40533333333333327, 0.513125, 0.27783333333333327, 0.4031666666666666, 0.6826488095238094, 0.3671428571428572, 0.3057023809523809, 0.2998690476190477, 0.2687857142857143, 0.475, 0.6267121212121213, 0.3777202380952381, 0.3175, 0.3534482323232323, 0.6185357142857143, 0.16583333333333336, 0.40262499999999996, 0.15166666666666667, 0.3775833333333334, 0.187, 0.35041666666666665, 0.4456666666666667, 0.2799761904761904, 0.4250833333333334, 0.4105119047619048, 0.35744444444444434, 0.2954166666666667, 0.3526666666666667, 0.32756349206349206, 0.24784523809523812, 0.2956190476190476, 0.236, 0.39803571428571416, 0.3379345238095237, 0.5696964285714287, 0.34624404761904765, 0.18495238095238092, 0.5026666666666666, 0.43483333333333335, 0.16807142857142857, 0.40590476190476193, 0.339375, 0.25475, 0.13408333333333333, 0.42120238095238094, 0.5928055555555556, 0.3556547619047618, 0.2859166666666666, 0.2993928571428571, 0.27729166666666666, 0.47899404761904757, 0.6823273809523812, 0.2815833333333333, 0.32015476190476194, 0.3654583333333333, 0.44070238095238096, 0.2290833333333333, 0.5324583333333331, 0.21258333333333337]","(200, None, 2, 'balanced')",S4_Fusion,143.6
XGB,20,28,0.6357,0.0664,0.35,0.5396,0.5833,0.6,"[1, 0, 0, 0, 0, 0, 1, 0, 0, 1, 0, 1, 0, 0, 0, 1, 0, 1, 1, 0]","[0.38498154282569885, 0.02177073433995247, 0.14282332360744476, 0.24322301149368286, 0.026241090148687363, 0.26885709166526794, 0.5912688970565796, 0.23714692890644073, 0.016741327941417694, 0.4085021913051605, 0.04973718896508217, 0.42979544401168823, 0.24388574063777924, 0.07833589613437653, 0.13404594361782074, 0.4156096875667572, 0.2519169747829437, 0.6043614745140076, 0.39880508184432983, 0.12024303525686264]","[0.48849648237228394, 0.12483212351799011, 0.18732869625091553, 0.0509125180542469, 0.30095604062080383, 0.6749998331069946, 0.046467360109090805, 0.3468814790248871, 0.4240778684616089, 0.014768607914447784, 0.8458682894706726, 0.711396336555481, 0.7243222594261169, 0.1941274255514145, 0.5334088802337646, 0.45268940925598145, 0.18097802996635437, 0.7192159295082092, 0.5197265148162842, 0.3959749937057495, 0.5712479948997498, 0.10159097611904144, 0.8241660594940186, 0.4941740334033966, 0.5869332551956177, 0.41735392808914185, 0.368704617023468, 0.4597931504249573, 0.5862111449241638, 0.21294519305229187, 0.5838988423347473, 0.20361904799938202, 0.5517898797988892, 0.11343080550432205, 0.21165910363197327, 0.7417620420455933, 0.0652921199798584, 0.08718197792768478, 0.6935731172561646, 0.5015471577644348, 0.14382414519786835, 0.16384588181972504, 0.6423320174217224, 0.24924497306346893, 0.40330520272254944, 0.27990132570266724, 0.44521239399909973, 0.35786184668540955, 0.03226593881845474, 0.011274612508714199, 0.4407745599746704, 0.49840307235717773, 0.5023922324180603, 0.222895547747612, 0.10339362174272537, 0.10193008929491043, 0.5509344339370728, 0.4442638158798218, 0.6686620116233826, 0.04975070804357529, 0.32341694831848145, 0.6622299551963806, 0.18102113902568817, 0.17548459768295288, 0.06052720546722412, 0.02083434723317623, 0.7484522461891174, 0.22986175119876862, 0.9487209916114807, 0.06325486302375793, 0.6763225793838501, 0.20430997014045715, 0.6203299760818481, 0.03618564084172249, 0.3338661789894104, 0.4311908185482025, 0.09388496726751328, 0.292654424905777, 0.3838618993759155, 0.34776487946510315, 0.4433004558086395, 0.03992832824587822, 0.26956912875175476, 0.26789939403533936, 0.7966538667678833, 0.10884584486484528, 0.29163914918899536, 0.12912628054618835, 0.1764155775308609, 0.219985231757164, 0.49412184953689575, 0.5978793501853943, 0.021005354821681976, 0.31848594546318054, 0.7813464403152466, 0.5936024188995361, 0.8556488752365112, 0.415336012840271, 0.02225290983915329, 0.6501010656356812, 0.9084059000015259, 0.05623709037899971, 0.13776877522468567, 0.09390845894813538, 0.4481862187385559, 0.37162157893180847, 0.7391266226768494, 0.07210711389780045, 0.48094984889030457, 0.06992754340171814, 0.5502126216888428, 0.7695770263671875, 0.0327112078666687, 0.1234491690993309, 0.5307638049125671, 0.14355051517486572, 0.13486847281455994, 0.039616309106349945, 0.09226155281066895, 0.22141969203948975, 0.7540127038955688, 0.057357389479875565, 0.23198214173316956, 0.2381601482629776, 0.9255648255348206, 0.07150042057037354, 0.237918883562088, 0.01496362779289484, 0.1631617248058319, 0.0168897807598114, 0.2674376368522644, 0.3059680163860321, 0.17130883038043976, 0.3676992952823639, 0.20563842356204987, 0.05465277284383774, 0.043252237141132355, 0.12031612545251846, 0.11151854693889618, 0.04344412311911583, 0.05256904289126396, 0.054246287792921066, 0.7342060208320618, 0.21892036497592926, 0.5624855756759644, 0.16055411100387573, 0.017118854448199272, 0.44575437903404236, 0.296796590089798, 0.10594732314348221, 0.21304254233837128, 0.06879107654094696, 0.10963883996009827, 0.022125665098428726, 0.18158745765686035, 0.6652459502220154, 0.10356598347425461, 0.054738014936447144, 0.0760093480348587, 0.1875695288181305, 0.5719408392906189, 0.7445264458656311, 0.08904722332954407, 0.0984884575009346, 0.15832629799842834, 0.4796316623687744, 0.07006373256444931, 0.5904396176338196, 0.0511651337146759]","(200, 3, 0.1, 0.8, 2.67, 1.0, 5.0)",S4_Fusion,210.5
